Reference, Value, Footprint, Datasheet, MFG
ESP1,ESP12S,ESP12E,,N/A Use ESP12S or ESP12F Modules from Electrodragon
SW1,B,TACTILE10,
SW2,A,TACTILE10,,Use standard SMT box tactile buttons.  Similar to PTS645SM43SMTR92. Use RoHS if possible.
R1,10k,R_0805,
U1,OPAMP_MCP6001T,SOT-23-5,,Must use MCP6001T Opamp
Y1,Mic,C_Radial_D8_L13_P3.8,,Use a standard through-hole electret microphone.
C1,22u,C_0805,
R2,NOPOP-internal,R_0805,,Do Not Populate
R6,10k,R_0805,
C2,.22u,C_0805,
C3,22u,C_0805,
R7,47k,R_0805,
R8,10k,R_0805,
R4,47k,R_0805,
R3,10k,R_0805,
R5,220k,R_0805,
P1,PGM,Pin_Header_Straight_1x05,
D1,SK6812SIDE,SK6812SIDE,
D2,SK6812SIDE,SK6812SIDE,
D3,SK6812SIDE,SK6812SIDE,,MUST use OFFICIAL SK6812-SIDE LEDs.  
D4,SK6812SIDE,SK6812SIDE,
D5,SK6812SIDE,SK6812SIDE,
D6,SK6812SIDE,SK6812SIDE,
P2,USBMicroB-10118192-0001LF,USBMicroB-10118192-0001LF,,Must use micro USB SMT-only Header, like 10118192-0001LF
SW7,SWITCH_INV,JS_SWITCH,,Use SPDT SLID Switch, like 401-1999-6-ND
U2,AP1117SOT223,SOT-223,,Use any 1117 3.3V SOT-223 regulator.  I.e. AZ1117 or AP1117
C4,.22u,C_0805,
BT1,Battery,BCAAPC,,Use through-hole AA Battery Holder in Style of Keystone 2460
BT2,Battery,BCAAPC,,Use through-hole AA Battery Holder in Style of Keystone 2460
C5,.22u,C_0805,
P10,CONN_1,632HOLE,
P9,CONN_1,632HOLE,
P8,CONN_1,632HOLE,
P7,CONN_1,632HOLE,
P12,CONN_1,632HOLE,
P11,CONN_1,632HOLE,
P13,CONN_1,632HOLE,
C6,.22u,C_0805,
R9,NP_1k,R_0805,,Do Not Populate
P3,SAO,Pin_Header_Straight_2x02,,Do not populate
R11,NP_1k,R_0805,,Do Not Populate
SW3,MODE,TACT_3x6_SINGLE,,https://www.aliexpress.com/item/50pcs-lot-SMT-3x6x2-5MM-2PIN-Tactile-Tact-Push-Button-Micro-Switch-G73-Self-reset-Momentary/32804523270.html?spm=2114.search0104.3.65.6bbc193exM3dfC&ws_ab_test=searchweb0_0,searchweb201602_3_10065_10068_10130_318_10547_319_10546_317_10548_10545_10696_450_10084_10083_10618_452_535_534_533_10307_532_204_10059_10884_10887_100031_320_10103_448_449,searchweb201603_60,ppcSwitch_0&algo_expid=b407050b-5903-45ff-9783-15a47ce9142d-9&algo_pvid=b407050b-5903-45ff-9783-15a47ce9142d&priceBeautifyAB=0
R10,1k,R_0805,
C7,.22u,C_0805,
C8,.22u,C_0805,
